"","d25","river_ID","River","year","Method","temp","flow","lon","lat","HEIGHT_MAX","GRADELV","fyear","Anadromous_lakes"
"1",162,"157.52Z","Sila",2018,"Video",-2.88020032587436,110,13.145978,66.332878,1020,78.9,"2018",1
"2",158,"157.42Z","Flostrand",2018,"Video",-3.07572317519509,110,13.372945,66.335834,1152,38.1,"2018",1
"3",144,"085.Z","Osenelva",2009,"Video",1.75926907762256,91,5.407634,61.548835,1117,15,"2009",1
"4",141,"144.5Z","Urvollelva",2006,"Video",-1.4897064144772,108,12.587159,65.134199,1048,39.2,"2006",1
"5",131,"144.5Z","Urvollelva",2007,"Video",-0.216393298320491,91,12.587159,65.134199,1048,39.2,"2007",1
"6",140,"144.5Z","Urvollelva",2008,"Video",0.810974016870231,122,12.587159,65.134199,1048,39.2,"2008",1
"7",160,"144.5Z","Urvollelva",2009,"Video",-0.636938549560087,93,12.587159,65.134199,1048,39.2,"2009",1
"8",154,"144.5Z","Urvollelva",2015,"Video",1.18903076903482,91,12.587159,65.134199,1048,39.2,"2015",1
"9",153,"144.5Z","Urvollelva",2016,"Video",-0.927654231245633,91,12.587159,65.134199,1048,39.2,"2016",1
"10",149,"144.5Z","Urvollelva",2017,"Video",0.430979056007904,91,12.587159,65.134199,1048,39.2,"2017",1
"11",149,"144.5Z","Urvollelva",2018,"Video",-2.94990903645779,111,12.587159,65.134199,1048,39.2,"2018",1
"12",127,"107.6Z","Hustadelva",2004,"Video",1.12821593839212,91,7.10216,62.958803,905,19.8,"2004",1
"13",126,"107.6Z","Hustadelva",2005,"Video",1.69381366834183,91,7.10216,62.958803,905,19.8,"2005",1
"14",128,"107.6Z","Hustadelva",2008,"Video",2.58948502917463,91,7.10216,62.958803,905,19.8,"2008",1
"15",121,"107.6Z","Hustadelva",2009,"Video",1.65240151539306,91,7.10216,62.958803,905,19.8,"2009",1
"16",145,"107.6Z","Hustadelva",2010,"Video",-1.75979805845047,91,7.10216,62.958803,905,19.8,"2010",1
"17",133,"107.6Z","Hustadelva",2011,"Video",0.402213375231742,94,7.10216,62.958803,905,19.8,"2011",1
"18",146,"107.6Z","Hustadelva",2012,"Video",1.95448067677487,91,7.10216,62.958803,905,19.8,"2012",1
"19",147,"107.6Z","Hustadelva",2013,"Video",-0.672191622755665,95,7.10216,62.958803,905,19.8,"2013",1
"20",139,"107.6Z","Hustadelva",2014,"Video",3.53694993700814,91,7.10216,62.958803,905,19.8,"2014",1
"21",140,"186.2Z","Roksdalvass",2006,"Video",-2.61716696678849,91,15.869415,69.050054,584,15.7,"2006",1
"22",152,"186.2Z","Roksdalvass",2007,"Video",-0.894615192879617,91,15.869415,69.050054,584,15.7,"2007",1
"23",160,"186.2Z","Roksdalvass",2008,"Video",-0.697347450593602,94,15.869415,69.050054,584,15.7,"2008",1
"24",158,"186.2Z","Roksdalvass",2009,"Video",-1.60170795230181,101,15.869415,69.050054,584,15.7,"2009",1
"25",161,"186.2Z","Roksdalvass",2010,"Video",-3.72828226940666,103,15.869415,69.050054,584,15.7,"2010",1
"26",145,"186.2Z","Roksdalvass",2011,"Video",-2.13814601337342,91,15.869415,69.050054,584,15.7,"2011",1
"27",161,"186.2Z","Roksdalvass",2012,"Video",-1.05570970657065,91,15.869415,69.050054,584,15.7,"2012",1
"28",150,"186.2Z","Roksdalvass",2013,"Video",-3.15248305452347,109,15.869415,69.050054,584,15.7,"2013",1
"29",147,"186.2Z","Roksdalvass",2014,"Video",-0.357797435980404,91,15.869415,69.050054,584,15.7,"2014",1
"30",148,"186.2Z","Roksdalvass",2015,"Video",0.303005842972537,91,15.869415,69.050054,584,15.7,"2015",1
"31",150,"186.2Z","Roksdalvass",2016,"Video",-1.46079609534842,91,15.869415,69.050054,584,15.7,"2016",1
"32",161,"186.2Z","Roksdalvass",2017,"Video",-0.622972466800266,96,15.869415,69.050054,584,15.7,"2017",1
"33",146,"173.Z","Skjoma",2004,"Video",-2.68542932273535,113,17.391355,68.24911,1880,1.5,"2004",0
"34",141,"173.Z","Skjoma",2005,"Video",-1.6576852158168,147,17.391355,68.24911,1880,1.5,"2005",0
"35",160,"173.Z","Skjoma",2006,"Video",-3.47782157315511,117,17.391355,68.24911,1880,1.5,"2006",0
"36",154,"173.Z","Skjoma",2007,"Video",-1.76204968738348,93,17.391355,68.24911,1880,1.5,"2007",0
"37",150,"173.Z","Skjoma",2008,"Video",-1.51291312233834,122,17.391355,68.24911,1880,1.5,"2008",0
"38",149,"173.Z","Skjoma",2009,"Video",-2.53355562442722,117,17.391355,68.24911,1880,1.5,"2009",0
"39",160,"173.Z","Skjoma",2010,"Video",-5.08961995348121,135,17.391355,68.24911,1880,1.5,"2010",0
"40",161,"140.Z","Moelva/Salsvassdrag",2009,"Video",-0.0228167637907464,93,11.438753,64.691498,763,6.2,"2009",1
"41",166,"140.Z","Moelva/Salsvassdrag",2010,"Video",-3.29127047096075,92,11.438753,64.691498,763,6.2,"2010",1
"42",165,"140.Z","Moelva/Salsvassdrag",2011,"Video",-0.471303708740207,91,11.438753,64.691498,763,6.2,"2011",1
"43",144,"140.Z","Moelva/Salsvassdrag",2012,"Video",0.604553576837425,91,11.438753,64.691498,763,6.2,"2012",1
"44",162,"140.Z","Moelva/Salsvassdrag",2013,"Video",-1.76750643341043,106,11.438753,64.691498,763,6.2,"2013",1
"45",157,"140.Z","Moelva/Salsvassdrag",2014,"Video",1.81422746163316,91,11.438753,64.691498,763,6.2,"2014",1
"46",120,"018.Z","Storelva",2015,"Trap",3.3106798342529,91,9.070498,58.681838,506,6.4,"2015",1
"47",124,"018.Z","Storelva",2016,"Trap",1.28974572805141,91,9.070498,58.681838,506,6.4,"2016",1
"48",125,"018.Z","Storelva",2017,"Trap",2.66004687971482,120,9.070498,58.681838,506,6.4,"2017",1
"49",133,"018.Z","Storelva",2018,"Trap",-0.0540644603753521,101,9.070498,58.681838,506,6.4,"2018",1
"50",143,"019.Z","Nidelva",2013,"Trap",-0.934453076986447,107,8.699806,58.423273,1519,5.8,"2013",1
"51",123,"019.Z","Nidelva",2014,"Trap",3.69506284785231,91,8.699806,58.423273,1519,5.8,"2014",1
"52",124,"019.Z","Nidelva",2015,"Trap",3.40838156810055,91,8.699806,58.423273,1519,5.8,"2015",1
"53",129,"019.Z","Nidelva",2016,"Trap",1.43670650277835,91,8.699806,58.423273,1519,5.8,"2016",1
"54",127,"019.Z","Nidelva",2017,"Trap",2.86078875456962,91,8.699806,58.423273,1519,5.8,"2017",1
"55",133,"019.Z","Nidelva",2018,"Trap",0.112816113997692,104,8.699806,58.423273,1519,5.8,"2018",1
"56",123,"036.Z","Suldalslågen",1996,"Trap",-0.497607120451613,112,6.250617,59.480997,1686,13.2,"1996",1
"57",119,"036.Z","Suldalslågen",1997,"Trap",1.46683382678562,91,6.250617,59.480997,1686,13.2,"1997",1
"58",116,"036.Z","Suldalslågen",1998,"Trap",1.28321479045006,91,6.250617,59.480997,1686,13.2,"1998",1
"59",115,"036.Z","Suldalslågen",1999,"Trap",1.15567611405059,91,6.250617,59.480997,1686,13.2,"1999",1
"60",112,"036.Z","Suldalslågen",2000,"Trap",2.03196283060565,114,6.250617,59.480997,1686,13.2,"2000",1
"61",116,"036.Z","Suldalslågen",2001,"Trap",-0.624678370941211,95,6.250617,59.480997,1686,13.2,"2001",1
"62",112,"036.Z","Suldalslågen",2002,"Trap",1.8394197520839,114,6.250617,59.480997,1686,13.2,"2002",1
"63",117,"036.Z","Suldalslågen",2003,"Trap",0.807045344863146,111,6.250617,59.480997,1686,13.2,"2003",1
"64",114,"036.Z","Suldalslågen",2004,"Trap",0.788500146312375,91,6.250617,59.480997,1686,13.2,"2004",1
"65",118,"036.Z","Suldalslågen",2005,"Trap",1.83461173562517,96,6.250617,59.480997,1686,13.2,"2005",1
"66",123,"036.Z","Suldalslågen",2006,"Trap",0.452162795865107,109,6.250617,59.480997,1686,13.2,"2006",1
"67",114,"036.Z","Suldalslågen",2007,"Trap",1.58211057288126,91,6.250617,59.480997,1686,13.2,"2007",1
"68",114,"036.Z","Suldalslågen",2008,"Trap",2.73089833975603,120,6.250617,59.480997,1686,13.2,"2008",1
"69",120,"036.Z","Suldalslågen",2009,"Trap",1.28583010878914,91,6.250617,59.480997,1686,13.2,"2009",1
"70",123,"036.Z","Suldalslågen",2010,"Trap",-1.97787797130154,91,6.250617,59.480997,1686,13.2,"2010",1
"71",122,"036.Z","Suldalslågen",2011,"Trap",0.185368378953985,95,6.250617,59.480997,1686,13.2,"2011",1
"72",175,"212.Z","Altaelva",1990,"Trap",-2.16025563051815,151,23.370134,69.967038,1085,2.2,"1990",0
"73",176,"212.Z","Altaelva",1991,"Trap",-4.32982898532525,149,23.370134,69.967038,1085,2.2,"1991",0
"74",160,"212.Z","Altaelva",1992,"Trap",-2.38641746163239,147,23.370134,69.967038,1085,2.2,"1992",0
"75",175,"212.Z","Altaelva",1993,"Trap",-3.05549379716054,141,23.370134,69.967038,1085,2.2,"1993",0
"76",162,"212.Z","Altaelva",1994,"Trap",-5.94746206410752,153,23.370134,69.967038,1085,2.2,"1994",0
"77",183,"212.Z","Altaelva",1995,"Trap",-3.90031046687242,146,23.370134,69.967038,1085,2.2,"1995",0
"78",168,"212.Z","Altaelva",1996,"Trap",-5.27740429756875,157,23.370134,69.967038,1085,2.2,"1996",0
"79",183,"212.Z","Altaelva",2004,"Trap",-4.02702094853937,128,23.370134,69.967038,1085,2.2,"2004",0
"80",185,"212.Z","Altaelva",2005,"Trap",-3.32947337658931,146,23.370134,69.967038,1085,2.2,"2005",0
"81",172,"212.Z","Altaelva",2006,"Trap",-5.41712417823112,124,23.370134,69.967038,1085,2.2,"2006",0
"82",165,"234.Z","Utsjok, Tana",2002,"Video",-4.82400666400812,119,28.319736,70.459976,1064,1.4,"2002",0
"83",178,"234.Z","Utsjok, Tana",2003,"Video",-5.06120871436552,135,28.319736,70.459976,1064,1.4,"2003",0
"84",179,"234.Z","Utsjok, Tana",2004,"Video",-4.2560886579018,127,28.319736,70.459976,1064,1.4,"2004",0
"85",179,"234.Z","Utsjok, Tana",2005,"Video",-3.68192870032606,145,28.319736,70.459976,1064,1.4,"2005",0
"86",171,"234.Z","Utsjok, Tana",2006,"Video",-5.99225655340325,121,28.319736,70.459976,1064,1.4,"2006",0
"87",177,"234.Z","Utsjok, Tana",2007,"Video",-3.9590305862983,139,28.319736,70.459976,1064,1.4,"2007",0
"88",182,"234.Z","Utsjok, Tana",2008,"Video",-4.02481276453974,126,28.319736,70.459976,1064,1.4,"2008",0
"89",149,"072.Z","Aurland",2001,"Trap",-1.7627555267566,134,7.188727,60.904863,1806,30.3,"2001",0
"90",131,"072.Z","Aurland",2002,"Trap",0.447549047024464,132,7.188727,60.904863,1806,30.3,"2002",0
"91",142,"072.Z","Aurland",2003,"Trap",-0.298849478550983,143,7.188727,60.904863,1806,30.3,"2003",0
"92",128,"072.Z","Aurland",2004,"Trap",-0.349704935173848,111,7.188727,60.904863,1806,30.3,"2004",0
"93",130,"072.Z","Aurland",2005,"Trap",0.836501652126333,147,7.188727,60.904863,1806,30.3,"2005",0
"94",135,"072.Z","Aurland",2006,"Trap",-0.507478993040175,127,7.188727,60.904863,1806,30.3,"2006",0
"95",135,"072.2Z","Flåm",2002,"Trap",0.500846253721828,132,7.109896,60.862656,1761,31.3,"2002",0
"96",126,"072.2Z","Flåm",2003,"Trap",-0.263160153148508,143,7.109896,60.862656,1761,31.3,"2003",0
"97",128,"072.2Z","Flåm",2004,"Trap",-0.305761851140741,111,7.109896,60.862656,1761,31.3,"2004",0
"98",142,"072.2Z","Flåm",2005,"Trap",0.869873015971894,147,7.109896,60.862656,1761,31.3,"2005",0
"99",148,"072.2Z","Flåm",2006,"Trap",-0.464171440088928,127,7.109896,60.862656,1761,31.3,"2006",0
"100",128,"045.32Z","Guddalselva",2001,"Trap",-0.630883333400998,95,5.996483,59.964893,1430,2.7,"2001",0
"101",113,"045.32Z","Guddalselva",2002,"Trap",1.85820535365859,94,5.996483,59.964893,1430,2.7,"2002",0
"102",120,"045.32Z","Guddalselva",2003,"Trap",0.808801558063704,93,5.996483,59.964893,1430,2.7,"2003",0
"103",117,"045.32Z","Guddalselva",2004,"Trap",0.785402281207239,91,5.996483,59.964893,1430,2.7,"2004",0
"104",125,"045.32Z","Guddalselva",2005,"Trap",1.67883183655431,91,5.996483,59.964893,1430,2.7,"2005",0
"105",124,"045.32Z","Guddalselva",2006,"Trap",0.539341768270456,91,5.996483,59.964893,1430,2.7,"2006",0
"106",114,"045.32Z","Guddalselva",2007,"Trap",1.53682394475319,91,5.996483,59.964893,1430,2.7,"2007",0
"107",117,"045.32Z","Guddalselva",2008,"Trap",2.81639752016799,91,5.996483,59.964893,1430,2.7,"2008",0
"108",107,"045.32Z","Guddalselva",2009,"Trap",1.39806553965054,91,5.996483,59.964893,1430,2.7,"2009",0
"109",130,"045.32Z","Guddalselva",2010,"Trap",-1.84132247185149,91,5.996483,59.964893,1430,2.7,"2010",0
"110",129,"045.32Z","Guddalselva",2011,"Trap",0.197406501330741,94,5.996483,59.964893,1430,2.7,"2011",0
"111",136,"045.32Z","Guddalselva",2012,"Trap",2.16122840051555,91,5.996483,59.964893,1430,2.7,"2012",0
"112",132,"045.32Z","Guddalselva",2013,"Trap",-1.10726702591693,106,5.996483,59.964893,1430,2.7,"2013",0
"113",120,"045.32Z","Guddalselva",2014,"Trap",3.80792219210329,91,5.996483,59.964893,1430,2.7,"2014",0
"114",122,"045.32Z","Guddalselva",2015,"Trap",2.85165943371785,91,5.996483,59.964893,1430,2.7,"2015",0
"115",132,"045.32Z","Guddalselva",2016,"Trap",1.28735668551347,91,5.996483,59.964893,1430,2.7,"2016",0
"116",132,"045.32Z","Guddalselva",2017,"Trap",2.57552367485478,91,5.996483,59.964893,1430,2.7,"2017",0
"117",127,"045.32Z","Guddalselva",2018,"Trap",-0.183196310732308,96,5.996483,59.964893,1430,2.7,"2018",0
"118",126,"041.Z","Etneelva",2016,"Trap",1.4585879214018,91,5.934367,59.673063,1294,30.5,"2016",1
"119",124,"041.Z","Etneelva",2017,"Trap",2.70004078972525,91,5.934367,59.673063,1294,30.5,"2017",1
"120",135,"041.Z","Etneelva",2018,"Trap",-0.112520132799682,91,5.934367,59.673063,1294,30.5,"2018",1
"121",130,"018.Z","Storelva",2005,"Trap",2.08269261946342,91,9.070498,58.681838,506,6.4,"2005",1
"122",138,"018.Z","Storelva",2006,"Trap",0.494887194970891,105,9.070498,58.681838,506,6.4,"2006",1
"123",117,"018.Z","Storelva",2007,"Trap",2.03434374549312,150,9.070498,58.681838,506,6.4,"2007",1
"124",124,"018.Z","Storelva",2008,"Trap",2.93683692469035,91,9.070498,58.681838,506,6.4,"2008",1
"125",130,"018.Z","Storelva",2009,"Trap",1.08741906817083,91,9.070498,58.681838,506,6.4,"2009",1
"126",131,"018.Z","Storelva",2010,"Trap",-2.06222149469659,91,9.070498,58.681838,506,6.4,"2010",1
"127",126,"018.Z","Storelva",2011,"Trap",0.18602468379957,91,9.070498,58.681838,506,6.4,"2011",1
"128",122,"018.Z","Storelva",2012,"Trap",2.4432816737079,102,9.070498,58.681838,506,6.4,"2012",1
"129",140,"022.Z","Mandalselva",2001,"Trap",0.0920798961286079,91,7.469347,58.02927,1160,8.6,"2001",0
"130",133,"022.Z","Mandalselva",2002,"Trap",2.34245791078271,116,7.469347,58.02927,1160,8.6,"2002",0
"131",135,"022.Z","Mandalselva",2003,"Trap",1.46920653638204,93,7.469347,58.02927,1160,8.6,"2003",0
"132",125,"022.Z","Mandalselva",2004,"Trap",1.36775589286887,91,7.469347,58.02927,1160,8.6,"2004",0
"133",124,"022.Z","Mandalselva",2005,"Trap",2.68504481851479,91,7.469347,58.02927,1160,8.6,"2005",0
"134",138,"022.Z","Mandalselva",2006,"Trap",0.973517260246679,104,7.469347,58.02927,1160,8.6,"2006",0
"135",117,"022.Z","Mandalselva",2007,"Trap",2.49561713882502,91,7.469347,58.02927,1160,8.6,"2007",0
"136",130,"022.Z","Mandalselva",2008,"Trap",3.20744213608421,91,7.469347,58.02927,1160,8.6,"2008",0
"137",126,"022.Z","Mandalselva",2009,"Trap",1.66881399430757,91,7.469347,58.02927,1160,8.6,"2009",0
"138",122,"022.Z","Mandalselva",2010,"Trap",-1.54689629912146,91,7.469347,58.02927,1160,8.6,"2010",0
"139",126,"022.Z","Mandalselva",2011,"Trap",0.649175052771982,93,7.469347,58.02927,1160,8.6,"2011",0
"140",117,"022.Z","Mandalselva",2012,"Trap",2.72253411771971,91,7.469347,58.02927,1160,8.6,"2012",0
"141",146,"022.Z","Mandalselva",2013,"Trap",-0.552715037231427,106,7.469347,58.02927,1160,8.6,"2013",0
"142",116,"022.Z","Mandalselva",2015,"Trap",3.48263612241787,91,7.469347,58.02927,1160,8.6,"2015",0
"143",125,"022.Z","Mandalselva",2017,"Trap",3.11746011580195,91,7.469347,58.02927,1160,8.6,"2017",0
"144",131,"022.Z","Mandalselva",2018,"Trap",0.29022102326278,105,7.469347,58.02927,1160,8.6,"2018",0
"145",138,"020.Z","Tovdalselva",2004,"Trap",1.22923839799075,91,8.084257,58.196972,1146,6,"2004",0
"146",129,"020.Z","Tovdalselva",2005,"Trap",2.44246915525767,91,8.084257,58.196972,1146,6,"2005",0
"147",142,"020.Z","Tovdalselva",2006,"Trap",0.811094540751,107,8.084257,58.196972,1146,6,"2006",0
"148",120,"020.Z","Tovdalselva",2007,"Trap",2.32128810543145,91,8.084257,58.196972,1146,6,"2007",0
"149",133,"020.Z","Tovdalselva",2008,"Trap",3.10283159877072,91,8.084257,58.196972,1146,6,"2008",0
"150",132,"020.Z","Tovdalselva",2009,"Trap",1.46295801536682,91,8.084257,58.196972,1146,6,"2009",0
"151",159,"212.2Z","Halselva",1988,"Trap",-5.46253622568805,135,22.973485,70.032112,1146,31.7,"1988",0
"152",160,"212.2Z","Halselva",1989,"Trap",-1.19307990606713,136,22.973485,70.032112,1146,31.7,"1989",0
"153",161,"212.2Z","Halselva",1990,"Trap",-1.77660955859353,151,22.973485,70.032112,1146,31.7,"1990",0
"154",164,"212.2Z","Halselva",1991,"Trap",-3.90305178985983,149,22.973485,70.032112,1146,31.7,"1991",0
"155",150,"212.2Z","Halselva",1992,"Trap",-2.04088625558956,147,22.973485,70.032112,1146,31.7,"1992",0
"156",171,"212.2Z","Halselva",1993,"Trap",-2.71401485895842,141,22.973485,70.032112,1146,31.7,"1993",0
"157",165,"212.2Z","Halselva",1994,"Trap",-5.66547484603939,153,22.973485,70.032112,1146,31.7,"1994",0
"158",158,"212.2Z","Halselva",1995,"Trap",-3.54524835422121,146,22.973485,70.032112,1146,31.7,"1995",0
"159",162,"212.2Z","Halselva",1996,"Trap",-4.92491060905441,157,22.973485,70.032112,1146,31.7,"1996",0
"160",161,"212.2Z","Halselva",1997,"Trap",-3.94944756331044,155,22.973485,70.032112,1146,31.7,"1997",0
"161",172,"212.2Z","Halselva",1998,"Trap",-4.69640606010111,138,22.973485,70.032112,1146,31.7,"1998",0
"162",163,"212.2Z","Halselva",1999,"Trap",-4.3853839702718,145,22.973485,70.032112,1146,31.7,"1999",0
"163",162,"212.2Z","Halselva",2000,"Trap",-3.37275314222461,143,22.973485,70.032112,1146,31.7,"2000",0
"164",160,"212.2Z","Halselva",2001,"Trap",-5.30297951058925,129,22.973485,70.032112,1146,31.7,"2001",0
"165",156,"212.2Z","Halselva",2002,"Trap",-3.44616288076795,119,22.973485,70.032112,1146,31.7,"2002",0
"166",173,"212.2Z","Halselva",2003,"Trap",-4.00253659018246,135,22.973485,70.032112,1146,31.7,"2003",0
"167",167,"212.2Z","Halselva",2004,"Trap",-3.65006090655721,128,22.973485,70.032112,1146,31.7,"2004",0
"168",158,"212.2Z","Halselva",2005,"Trap",-2.91840023149874,146,22.973485,70.032112,1146,31.7,"2005",0
"169",160,"212.2Z","Halselva",2006,"Trap",-4.93043804222906,124,22.973485,70.032112,1146,31.7,"2006",0
"170",156,"212.2Z","Halselva",2007,"Trap",-2.69009223074277,140,22.973485,70.032112,1146,31.7,"2007",0
"171",173,"212.2Z","Halselva",2008,"Trap",-2.7336696471715,126,22.973485,70.032112,1146,31.7,"2008",0
"172",153,"212.2Z","Halselva",2009,"Trap",-3.47369393205257,124,22.973485,70.032112,1146,31.7,"2009",0
"173",173,"212.2Z","Halselva",2010,"Trap",-5.68930784823959,137,22.973485,70.032112,1146,31.7,"2010",0
"174",162,"212.2Z","Halselva",2011,"Trap",-3.88877755094951,137,22.973485,70.032112,1146,31.7,"2011",0
"175",149,"212.2Z","Halselva",2012,"Trap",-2.61703296872448,139,22.973485,70.032112,1146,31.7,"2012",0
"176",145,"173.Z","Skjoma",2004,"Video",-2.68542932273535,113,17.391355,68.24911,1880,1.5,"2004",0
"177",141,"173.Z","Skjoma",2005,"Video",-1.6576852158168,147,17.391355,68.24911,1880,1.5,"2005",0
"178",161,"173.Z","Skjoma",2006,"Video",-3.47782157315511,117,17.391355,68.24911,1880,1.5,"2006",0
"179",154,"173.Z","Skjoma",2007,"Video",-1.76204968738348,93,17.391355,68.24911,1880,1.5,"2007",0
"180",149,"173.Z","Skjoma",2008,"Video",-1.51291312233834,122,17.391355,68.24911,1880,1.5,"2008",0
"181",155,"163.Z","Saltdalselva",1990,"Trap",0.400793616627891,91,15.421413,67.101194,1741,15.2,"1990",0
"182",157,"163.Z","Saltdalselva",1991,"Trap",-1.82255281053637,91,15.421413,67.101194,1741,15.2,"1991",0
"183",170,"163.Z","Saltdalselva",1993,"Trap",-0.858919316297542,117,15.421413,67.101194,1741,15.2,"1993",0
"184",153,"163.Z","Saltdalselva",1994,"Trap",-3.93571838589124,118,15.421413,67.101194,1741,15.2,"1994",0
"185",142,"109.Z","Driva",2005,"Trap",1.24160811223165,123,8.544245,62.67638,2283,12.1,"2005",0
"186",125,"109.Z","Driva",2006,"Trap",0.0331083165184369,123,8.544245,62.67638,2283,12.1,"2006",0
"187",142,"109.Z","Driva",2007,"Trap",0.818378753088158,107,8.544245,62.67638,2283,12.1,"2007",0
"188",120,"109.Z","Driva",2008,"Trap",2.23040496900345,122,8.544245,62.67638,2283,12.1,"2008",0
"189",122,"109.Z","Driva",2009,"Trap",0.911989344950949,103,8.544245,62.67638,2283,12.1,"2009",0
"190",124,"025.Z","Kvina",2011,"Trap",0.587534755778122,96,6.906126,58.280321,1430,9.3,"2011",0
"191",128,"015.Z","Numedalslågen",2003,"Trap",0.999275627169308,113,10.05492,59.0374,1537,3.5,"2003",0
"192",122,"015.Z","Numedalslågen",2004,"Trap",0.967788090359193,98,10.05492,59.0374,1537,3.5,"2004",0
"193",111,"015.Z","Numedalslågen",2005,"Trap",2.21042115950815,142,10.05492,59.0374,1537,3.5,"2005",0
"194",122,"121.Z","Orkla",1984,"Trap",-1.64298463927499,121,9.83689,63.31509,1640,8,"1984",0
"195",130,"121.Z","Orkla",1985,"Trap",-3.21615447032497,130,9.83689,63.31509,1640,8,"1985",0
"196",123,"121.Z","Orkla",1986,"Trap",-3.02180266665603,125,9.83689,63.31509,1640,8,"1986",0
"197",137,"121.Z","Orkla",1987,"Trap",-3.52655338778258,114,9.83689,63.31509,1640,8,"1987",0
"198",127,"121.Z","Orkla",1988,"Trap",-0.200910951355565,130,9.83689,63.31509,1640,8,"1988",0
"199",130,"121.Z","Orkla",1990,"Trap",2.38460381632705,92,9.83689,63.31509,1640,8,"1990",0
"200",135,"121.Z","Orkla",1991,"Trap",0.110660488628626,104,9.83689,63.31509,1640,8,"1991",0
"201",126,"121.Z","Orkla",1992,"Trap",1.91280012151486,128,9.83689,63.31509,1640,8,"1992",0
"202",116,"121.Z","Orkla",1993,"Trap",0.625558681979031,117,9.83689,63.31509,1640,8,"1993",0
"203",132,"121.Z","Orkla",1994,"Trap",-2.27104448431271,117,9.83689,63.31509,1640,8,"1994",0
"204",133,"121.Z","Orkla",1995,"Trap",0.393498528851692,146,9.83689,63.31509,1640,8,"1995",0
"205",133,"121.Z","Orkla",1996,"Trap",-1.65392248410199,117,9.83689,63.31509,1640,8,"1996",0
"206",131,"121.Z","Orkla",1997,"Trap",0.140523779085769,92,9.83689,63.31509,1640,8,"1997",0
"207",131,"121.Z","Orkla",1998,"Trap",0.0199610235067163,116,9.83689,63.31509,1640,8,"1998",0
"208",131,"121.Z","Orkla",1999,"Trap",-0.17318714681742,101,9.83689,63.31509,1640,8,"1999",0
"209",129,"121.Z","Orkla",2000,"Trap",0.62285933961988,122,9.83689,63.31509,1640,8,"2000",0
"210",129,"121.Z","Orkla",2001,"Trap",-1.69646914947361,122,9.83689,63.31509,1640,8,"2001",0
"211",130,"121.Z","Orkla",2002,"Trap",0.791542831467652,113,9.83689,63.31509,1640,8,"2002",0
"212",124,"121.Z","Orkla",2004,"Trap",-0.0987221511240997,97,9.83689,63.31509,1640,8,"2004",0
"213",124,"121.Z","Orkla",2005,"Trap",0.989774402930855,121,9.83689,63.31509,1640,8,"2005",0
"214",125,"121.Z","Orkla",2006,"Trap",-0.271883831915416,117,9.83689,63.31509,1640,8,"2006",0
"215",130,"121.Z","Orkla",2007,"Trap",0.575917523392293,91,9.83689,63.31509,1640,8,"2007",0
"216",128,"121.Z","Orkla",2008,"Trap",1.8936098287659,120,9.83689,63.31509,1640,8,"2008",0
"217",126,"121.Z","Orkla",2009,"Trap",0.424087985981402,101,9.83689,63.31509,1640,8,"2009",0
"218",135,"121.Z","Orkla",2010,"Trap",-2.84993875316538,121,9.83689,63.31509,1640,8,"2010",0
"219",131,"121.Z","Orkla",2011,"Trap",-0.354638256528429,99,9.83689,63.31509,1640,8,"2011",0
"220",136,"124.Z","Stjørdalselva",2000,"Trap",0.114920508727629,111,10.916564,63.446259,1245,10.1,"2000",0
"221",140,"124.Z","Stjørdalselva",2001,"Trap",-2.27475334848116,117,10.916564,63.446259,1245,10.1,"2001",0
"222",132,"124.Z","Stjørdalselva",2002,"Trap",0.222787240026175,91,10.916564,63.446259,1245,10.1,"2002",0
"223",140,"124.Z","Stjørdalselva",2003,"Trap",-0.549768145908056,91,10.916564,63.446259,1245,10.1,"2003",0
"224",127,"124.Z","Stjørdalselva",2004,"Trap",-0.724512201394653,91,10.916564,63.446259,1245,10.1,"2004",0
"225",141,"124.Z","Stjørdalselva",2005,"Trap",0.336076648388347,96,10.916564,63.446259,1245,10.1,"2005",0
"226",130,"061.Z","Daleelva",2004,"Trap",0.812507509675002,91,5.772883,60.577718,1194,22,"2004",0
"227",143,"061.Z","Daleelva",2005,"Trap",1.60586409483121,91,5.772883,60.577718,1194,22,"2005",0
"228",135,"061.Z","Daleelva",2006,"Trap",0.664791013824576,91,5.772883,60.577718,1194,22,"2006",0
"229",128,"061.Z","Daleelva",2007,"Trap",1.53171425875088,91,5.772883,60.577718,1194,22,"2007",0
"230",152,"061.Z","Daleelva",2008,"Trap",2.89876147746578,91,5.772883,60.577718,1194,22,"2008",0
"231",129,"061.Z","Daleelva",2009,"Trap",1.53309815330574,91,5.772883,60.577718,1194,22,"2009",0
"232",137,"061.Z","Daleelva",2010,"Trap",-1.7070204088955,91,5.772883,60.577718,1194,22,"2010",0
"233",131,"061.Z","Daleelva",2011,"Trap",0.231945904384311,91,5.772883,60.577718,1194,22,"2011",0
"234",135,"061.Z","Daleelva",2012,"Trap",2.15602199261839,91,5.772883,60.577718,1194,22,"2012",0
"235",147,"061.Z","Daleelva",2013,"Trap",-1.09854777197152,106,5.772883,60.577718,1194,22,"2013",0
"236",127,"061.Z","Daleelva",2014,"Trap",3.81427411604952,91,5.772883,60.577718,1194,22,"2014",0
"237",143,"061.Z","Daleelva",2015,"Trap",2.91723712005638,91,5.772883,60.577718,1194,22,"2015",0
"238",137,"062.Z","Vosso",2001,"Trap",-0.753199142272759,94,5.950768,60.640263,1602,15.2,"2001",1
"239",130,"062.Z","Vosso",2002,"Trap",1.7047552194428,111,5.950768,60.640263,1602,15.2,"2002",1
"240",131,"062.Z","Vosso",2003,"Trap",0.720997472350079,91,5.950768,60.640263,1602,15.2,"2003",1
"241",129,"062.Z","Vosso",2004,"Trap",0.633044548829022,107,5.950768,60.640263,1602,15.2,"2004",1
"242",134,"062.Z","Vosso",2005,"Trap",1.49913707566835,96,5.950768,60.640263,1602,15.2,"2005",1
"243",129,"062.Z","Vosso",2006,"Trap",0.499928789025271,108,5.950768,60.640263,1602,15.2,"2006",1
"244",126,"062.Z","Vosso",2007,"Trap",1.34362788156276,91,5.950768,60.640263,1602,15.2,"2007",1
"245",129,"062.Z","Vosso",2008,"Trap",2.71497815638017,97,5.950768,60.640263,1602,15.2,"2008",1
"246",140,"062.Z","Vosso",2010,"Trap",-1.92425026301132,97,5.950768,60.640263,1602,15.2,"2010",1
"247",135,"062.Z","Vosso",2011,"Trap",0.0813102786766748,94,5.950768,60.640263,1602,15.2,"2011",1
"248",140,"062.Z","Vosso",2012,"Trap",1.99515628461379,91,5.950768,60.640263,1602,15.2,"2012",1
"249",149,"062.Z","Vosso",2013,"Trap",-1.26027149874392,107,5.950768,60.640263,1602,15.2,"2013",1
"250",131,"062.Z","Vosso",2014,"Trap",3.7326736046242,91,5.950768,60.640263,1602,15.2,"2014",1
"251",129,"062.Z","Vosso",2015,"Trap",2.75774291601064,103,5.950768,60.640263,1602,15.2,"2015",1
"252",134,"062.Z","Vosso",2016,"Trap",1.15568708747506,91,5.950768,60.640263,1602,15.2,"2016",1
"253",136,"062.Z","Vosso",2017,"Trap",2.50522538378019,91,5.950768,60.640263,1602,15.2,"2017",1
"254",136,"062.Z","Vosso",2018,"Trap",-0.212477098058404,105,5.950768,60.640263,1602,15.2,"2018",1
"255",123,"070.Z","Vikja",2005,"Trap",1.17154505576298,96,6.586041,61.089461,1647,52,"2005",0
"256",124,"070.Z","Vikja",2006,"Trap",-0.0119221944243275,122,6.586041,61.089461,1647,52,"2006",0
"257",105,"070.Z","Vikja",2007,"Trap",0.751058097046602,91,6.586041,61.089461,1647,52,"2007",0
"258",115,"070.Z","Vikja",2008,"Trap",2.13710873256159,119,6.586041,61.089461,1647,52,"2008",0
"259",118,"070.Z","Vikja",2010,"Trap",-2.58424341428691,109,6.586041,61.089461,1647,52,"2010",0
"260",113,"070.Z","Vikja",2011,"Trap",-0.358470835799341,94,6.586041,61.089461,1647,52,"2011",0
"261",105,"070.Z","Vikja",2012,"Trap",1.49223708331662,91,6.586041,61.089461,1647,52,"2012",0
"262",113,"070.Z","Vikja",2013,"Trap",-1.68380450929137,107,6.586041,61.089461,1647,52,"2013",0
"263",84,"070.Z","Vikja",2014,"Trap",3.44289113965944,91,6.586041,61.089461,1647,52,"2014",0
"264",104,"070.Z","Vikja",2015,"Trap",2.35681843602862,104,6.586041,61.089461,1647,52,"2015",0
"265",138,"050.Z","Eio",2009,"Trap",0.369208163920819,122,7.071531,60.46749,1853,0.4,"2009",1
"266",153,"050.Z","Eio",2010,"Trap",-3.04742879938011,138,7.071531,60.46749,1853,0.4,"2010",1
"267",144,"050.Z","Tveito",2009,"Video",0.369208163920819,122,7.071531,60.46749,1853,0.4,"2009",1
"268",157,"050.Z","Tveito",2010,"Video",-3.04742879938011,138,7.071531,60.46749,1853,0.4,"2010",1
"269",167,"050.Z","Tveito",2011,"Video",-0.782342307309909,115,7.071531,60.46749,1853,0.4,"2011",1
"270",119,"061.2Z","Arna/Storelva",2011,"Video",0.509089926392823,91,5.463761,60.420466,983,43.9,"2011",1
"271",120,"045.2Z","Uskedalselva",2012,"Video",2.2957144459475,91,5.854705,59.929332,1245,40.5,"2012",0
"272",145,"050.1Z","Kinso",2011,"Video",-0.516156220782394,115,6.723417,60.376702,1686,30,"2011",0
"273",128,"060.4Z","Lone",2011,"Video",0.456655774803792,91,5.501112,60.520501,671,43,"2011",0
"274",128,"104.Z","Eira",2001,"Trap",-1.2094512254844,130,8.131562,62.685184,1961,16.5,"2001",1
"275",132,"104.Z","Eira",2002,"Trap",1.38175236396056,116,8.131562,62.685184,1961,16.5,"2002",1
"276",134,"104.Z","Eira",2003,"Trap",0.788024418582122,135,8.131562,62.685184,1961,16.5,"2003",1
"277",126,"104.Z","Eira",2004,"Trap",0.512694272889058,111,8.131562,62.685184,1961,16.5,"2004",1
"278",142,"104.Z","Eira",2005,"Trap",1.37895067782447,103,8.131562,62.685184,1961,16.5,"2005",1
"279",129,"104.Z","Eira",2006,"Trap",0.189169354135825,118,8.131562,62.685184,1961,16.5,"2006",1
"280",134,"104.Z","Eira",2007,"Trap",0.967013096636624,106,8.131562,62.685184,1961,16.5,"2007",1
"281",131,"104.Z","Eira",2008,"Trap",2.36810957655732,122,8.131562,62.685184,1961,16.5,"2008",1
"282",125,"104.Z","Eira",2009,"Trap",1.181533939431,102,8.131562,62.685184,1961,16.5,"2009",1
"283",138,"104.Z","Eira",2010,"Trap",-2.24179011231647,138,8.131562,62.685184,1961,16.5,"2010",1
"284",133,"104.Z","Eira",2011,"Trap",-0.00147172923970575,95,8.131562,62.685184,1961,16.5,"2011",1
"285",136,"104.Z","Eira",2012,"Trap",1.52345584437129,91,8.131562,62.685184,1961,16.5,"2012",1
"286",136,"104.Z","Eira",2013,"Trap",-1.16320198029639,110,8.131562,62.685184,1961,16.5,"2013",1
"287",139,"104.Z","Eira",2014,"Trap",3.32101799222484,91,8.131562,62.685184,1961,16.5,"2014",1
"288",126,"104.Z","Eira",2015,"Trap",2.90919587651579,104,8.131562,62.685184,1961,16.5,"2015",1
"289",130,"104.Z","Eira",2016,"Trap",0.813371883422972,91,8.131562,62.685184,1961,16.5,"2016",1
"290",137,"104.Z","Eira",2017,"Trap",2.19660746092429,94,8.131562,62.685184,1961,16.5,"2017",1
"291",130,"104.Z","Eira",2018,"Trap",-0.774037594020682,111,8.131562,62.685184,1961,16.5,"2018",1
"292",168,"194.Z","Lakselva, Senja",2008,"Video",-1.6007230788054,110,17.847066,69.227813,894,8.9,"2008",1
"293",165,"194.Z","Lakselva, Senja",2009,"Video",-2.5257479340323,103,17.847066,69.227813,894,8.9,"2009",1
"294",183,"194.Z","Lakselva, Senja",2010,"Video",-4.73108805529328,104,17.847066,69.227813,894,8.9,"2010",1
"295",173,"194.Z","Lakselva, Senja",2011,"Video",-2.81857343723554,95,17.847066,69.227813,894,8.9,"2011",1
"296",172,"194.Z","Lakselva, Senja",2012,"Video",-1.8540672696336,91,17.847066,69.227813,894,8.9,"2012",1
"297",165,"194.Z","Lakselva, Senja",2013,"Video",-3.81036162241118,109,17.847066,69.227813,894,8.9,"2013",1
"298",175,"194.Z","Lakselva, Senja",2014,"Video",-1.30542824679754,91,17.847066,69.227813,894,8.9,"2014",1
"299",140,"186.2Z","Roksdalvass",2006,"Video",-2.61716696678849,91,15.869415,69.050054,584,15.7,"2006",1
"300",152,"186.2Z","Roksdalvass",2007,"Video",-0.894615192879617,91,15.869415,69.050054,584,15.7,"2007",1
"301",159,"186.2Z","Roksdalvass",2008,"Video",-0.697347450593602,94,15.869415,69.050054,584,15.7,"2008",1
"302",158,"186.2Z","Roksdalvass",2009,"Video",-1.60170795230181,101,15.869415,69.050054,584,15.7,"2009",1
"303",161,"186.2Z","Roksdalvass",2010,"Video",-3.72828226940666,103,15.869415,69.050054,584,15.7,"2010",1
"304",144,"186.2Z","Roksdalvass",2011,"Video",-2.13814601337342,91,15.869415,69.050054,584,15.7,"2011",1
"305",160,"186.2Z","Roksdalvass",2012,"Video",-1.05570970657065,91,15.869415,69.050054,584,15.7,"2012",1
"306",150,"186.2Z","Roksdalvass",2013,"Video",-3.15248305452347,109,15.869415,69.050054,584,15.7,"2013",1
"307",166,"140.Z","Moelva/Salsvassdrag",2010,"Video",-3.29127047096075,92,11.438753,64.691498,763,6.2,"2010",1
"308",165,"140.Z","Moelva/Salsvassdrag",2011,"Video",-0.471303708740207,91,11.438753,64.691498,763,6.2,"2011",1
"309",143,"140.Z","Moelva/Salsvassdrag",2012,"Video",0.604553576837425,91,11.438753,64.691498,763,6.2,"2012",1
"310",162,"140.Z","Moelva/Salsvassdrag",2013,"Video",-1.76750643341043,106,11.438753,64.691498,763,6.2,"2013",1
"311",157,"140.Z","Moelva/Salsvassdrag",2014,"Video",1.81422746163316,91,11.438753,64.691498,763,6.2,"2014",1
"312",122,"029.2Z","Imsa",2000,"Trap",2.45841260026738,91,5.964646,58.903716,487,9.3,"2000",0
"313",128,"029.2Z","Imsa",2001,"Trap",-0.0516830884579616,91,5.964646,58.903716,487,9.3,"2001",0
"314",120,"029.2Z","Imsa",2002,"Trap",2.5644177487145,91,5.964646,58.903716,487,9.3,"2002",0
"315",126,"029.2Z","Imsa",2003,"Trap",1.49973220788039,91,5.964646,58.903716,487,9.3,"2003",0
"316",127,"029.2Z","Imsa",2004,"Trap",1.38207441407557,91,5.964646,58.903716,487,9.3,"2004",0
"317",123,"029.2Z","Imsa",2005,"Trap",2.37753904434723,91,5.964646,58.903716,487,9.3,"2005",0
"318",128,"029.2Z","Imsa",2006,"Trap",0.947443097918955,91,5.964646,58.903716,487,9.3,"2006",0
"319",116,"029.2Z","Imsa",2007,"Trap",2.24454946983172,91,5.964646,58.903716,487,9.3,"2007",0
"320",127,"029.2Z","Imsa",2008,"Trap",3.21874157277957,91,5.964646,58.903716,487,9.3,"2008",0
"321",119,"029.2Z","Imsa",2009,"Trap",1.79048389035909,91,5.964646,58.903716,487,9.3,"2009",0
"322",127,"029.2Z","Imsa",2010,"Trap",-1.45312453633551,91,5.964646,58.903716,487,9.3,"2010",0
"323",119,"029.2Z","Imsa",2011,"Trap",0.699589485482418,91,5.964646,58.903716,487,9.3,"2011",0
"324",124,"029.2Z","Imsa",2012,"Trap",2.66379676003614,91,5.964646,58.903716,487,9.3,"2012",0
"325",123,"029.2Z","Imsa",2013,"Trap",-0.449060129627129,106,5.964646,58.903716,487,9.3,"2013",0
"326",117,"029.2Z","Imsa",2014,"Trap",3.9881529652556,91,5.964646,58.903716,487,9.3,"2014",0
"327",120,"029.2Z","Imsa",2015,"Trap",3.36461254827561,91,5.964646,58.903716,487,9.3,"2015",0
"328",119,"029.2Z","Imsa",2016,"Trap",1.81659242515562,91,5.964646,58.903716,487,9.3,"2016",0
"329",120,"029.2Z","Imsa",2017,"Trap",2.94396856163255,91,5.964646,58.903716,487,9.3,"2017",0
"330",119,"029.2Z","Imsa",2018,"Trap",0.0504027778214414,91,5.964646,58.903716,487,9.3,"2018",0
"331",143,"112.Z","Surna",2011,"Trap",-0.0112014252443436,93,8.686199,62.976954,1668,8.3,"2011",0
"332",132,"112.Z","Surna",2012,"Trap",1.44333892961063,91,8.686199,62.976954,1668,8.3,"2012",0
"333",152,"112.Z","Surna",2013,"Trap",-1.22743775634262,107,8.686199,62.976954,1668,8.3,"2013",0
"334",147,"112.Z","Surna",2011,"Trap",-0.0112014252443436,93,8.686199,62.976954,1668,8.3,"2011",0
"335",138,"112.Z","Surna",2012,"Trap",1.44333892961063,91,8.686199,62.976954,1668,8.3,"2012",0
"336",148,"112.Z","Surna",2013,"Trap",-1.22743775634262,107,8.686199,62.976954,1668,8.3,"2013",0
"337",125,"122.2Z","Vigda",2017,"Tag",1.11672017298344,127,10.18318,63.312376,533,12.9,"2017",0
"338",131,"122.2Z","Vigda",2018,"Tag",-1.63845262197009,112,10.18318,63.312376,533,12.9,"2018",0
"339",171,"213.6Z","Kvalsundelva",2010,"Tag",-5.38700856577457,136,23.982448,70.50221,707,21.5,"2010",0
"340",171,"213.Z","Repparfjordelva",2010,"Tag",-5.8492397979722,136,24.32904,70.44762,712,9.1,"2010",0
"341",120,"073.Z","Lærdalselva",2009,"Tag",0.300164528870122,122,7.472357,61.102863,1917,18.4,"2009",0
"342",129,"073.Z","Lærdalselva",2013,"Tag",-2.19665560693441,138,7.472357,61.102863,1917,18.4,"2013",0
"343",137,"073.Z","Lærdalselva",2014,"Tag",3.01942640536365,120,7.472357,61.102863,1917,18.4,"2014",0
"344",126,"088.Z","Stryn",2017,"Tag",2.17527397556905,91,6.723774,61.902155,1933,27.2,"2017",1
"345",128,"088.Z","Stryn",2018,"Tag",-0.473873835059933,112,6.723774,61.902155,1933,27.2,"2018",1
"346",127,"055.7Z","Oselva",2018,"Tag",0.0658371357378676,95,5.473118,60.185848,955,29.5,"2018",1
"347",126,"052.1Z","Granvin",2018,"Tag",-0.641707313660971,100,6.714225,60.522087,1573,43.7,"2018",1
"348",130,"050.Z","Eio",2018,"Tag",-0.880451197961083,130,7.071531,60.46749,1853,0.4,"2018",1
